Time,Average,MvgAvg,Sum,Med
767.356356144,70.5765625,70.210265625,1355070,12.0
767.50128603,70.74921875,70.261796875,1358385,12.0
767.639224052,70.5234375,70.318375,1354050,12.0
767.736726999,70.66953125,70.377078125,1356855,12.0
767.885250092,71.67890625,70.468453125,1376235,12.0
767.939319134,71.93125,70.2896875,1381080,12.0
768.091320038,71.38671875,70.013703125,1370625,12.0
768.235111952,72.02421875,69.75578125,1382865,13.0
768.390593052,73.77734375,69.56028125,1416525,13.0
768.553987026,74.62734375,69.397453125,1432845,13.0
768.609111071,74.49453125,69.236484375,1430295,13.0
768.701143026,73.85703125,69.027171875,1418055,13.0
768.853292942,74.6140625,69.19584375,1432590,13.0
768.923444986,75.02578125,69.374078125,1440495,13.0
769.060763121,74.86640625,69.535046875,1437435,13.0
769.205881119,75.21171875,69.687515625,1444065,13.0
769.298218966,74.9328125,69.843703125,1438710,13.0
769.438530922,74.9859375,70.012375,1439730,13.0
769.587836027,75.34453125,70.194328125,1446615,13.0
769.738556147,76.06171875,70.38425,1460385,13.0
769.834255934,74.94609375,70.549734375,1438965,13.0
769.971704006,75.384375,70.718671875,1447380,13.0
770.065803051,75.75625,70.887078125,1454520,13.0
770.205285072,75.1453125,71.033703125,1442790,13.0
770.298141956,74.0296875,71.17634375,1421370,13.0
770.456212044,74.9328125,71.323765625,1438710,13.0
770.59495306,74.2421875,71.450734375,1425450,13.0
770.735281944,75.18515625,71.590453125,1443555,13.0
770.884354115,75.26484375,71.74584375,1445085,13.0
770.938347101,75.39765625,71.9015,1447635,13.0
771.032211065,74.81328125,72.041484375,1436415,13.0
771.170536995,75.39765625,72.1915625,1447635,13.0
771.269722939,74.97265625,72.32490625,1439475,13.0
771.417537928,75.07890625,72.469671875,1441515,13.0
771.472094059,74.2421875,72.589203125,1425450,13.0
771.569913149,74.52109375,72.70740625,1430805,13.0
771.72034812,73.51171875,72.81153125,1411425,13.0
771.860924006,73.63125,72.916453125,1413720,13.0
772.000574112,73.00703125,72.999328125,1401735,13.0
772.136920929,73.61796875,73.102921875,1413465,13.0
772.282997131,72.63515625,73.1966875,1394595,13.0
772.341153145,72.82109375,73.285140625,1398165,13.0
772.434246063,71.91796875,73.33640625,1380825,12.0
772.571095943,71.43984375,73.383953125,1371645,12.0
772.66424799,71.91796875,73.436546875,1380825,12.0
772.803210974,71.59921875,73.471875,1374705,12.0
772.897520065,72.9140625,73.535890625,1399950,13.0
773.038092136,72.5421875,73.575734375,1392810,13.0
773.138046026,73.21953125,73.63975,1405815,13.0
773.230983019,72.621875,73.680921875,1394340,12.0
773.369847059,72.78125,73.725015625,1397400,13.0
773.51927495,71.41328125,73.738296875,1371135,12.0
773.579393148,71.6390625,73.760609375,1375470,12.0
773.66829896,71.6921875,73.7810625,1376490,12.0
773.817055941,72.05078125,73.7885,1383375,13.0
773.959846973,71.2671875,73.77521875,1368330,12.0
774.101763964,71.6390625,73.780265625,1375470,12.0
774.250905991,71.5328125,73.7704375,1373430,12.0
774.312473059,71.6125,73.727140625,1374960,12.0
774.399871111,71.7984375,73.6705625,1378530,13.0
774.553195,71.65234375,73.61371875,1375725,12.0
774.701725006,71.73203125,73.57121875,1377255,12.0
774.853901148,71.12109375,73.501359375,1365525,12.0
774.996688128,72.02421875,73.441328125,1382865,12.0
775.135791063,71.3203125,73.37040625,1369350,12.0
775.283900976,71.7984375,73.302140625,1378530,12.0
775.349594116,72.8078125,73.259640625,1397910,13.0
775.405092955,72.92734375,73.21846875,1400205,13.0
775.502867937,73.06015625,73.17278125,1402755,13.0
775.597447157,72.23671875,73.09628125,1386945,13.0
775.69678998,72.02421875,73.03784375,1382865,13.0
775.798150063,72.35625,72.97728125,1389240,12.0
775.898468971,82.99453125,73.122046875,1593495,15.0
775.997820139,91.46796875,73.4485,1756185,17.0
776.137169123,93.85859375,73.845078125,1802085,17.0
776.232455015,93.61953125,74.2188125,1797495,17.0
776.369516134,94.07109375,74.615390625,1806165,18.0
776.519463062,92.33125,74.9583125,1772760,17.0
776.682922125,91.3484375,75.279984375,1753890,17.0
776.734884977,91.05625,75.59315625,1748280,17.0
776.833439112,91.22890625,75.92146875,1751595,17.0
776.932904005,91.22890625,76.23809375,1751595,17.0
777.08297801,91.14921875,76.561625,1750065,17.0
777.136754036,91.4015625,76.888078125,1754910,17.0
777.230855942,91.3484375,77.230203125,1753890,17.0
777.385833979,91.41484375,77.568078125,1755165,17.0
777.443414927,91.94609375,77.936765625,1765365,17.0
777.598335981,91.853125,78.301203125,1763580,17.0
777.735980988,90.790625,78.656875,1743180,17.0
777.83070302,90.63125,78.997140625,1740120,17.0
777.969063044,90.896875,79.362375,1745220,17.0
778.064263105,91.81328125,79.74221875,1762815,17.0
778.203931093,90.5515625,80.114890625,1738590,17.0
778.299139977,90.684375,80.49978125,1741140,17.0
778.4363451,89.98046875,80.86103125,1727625,17.0
778.58356595,90.93671875,81.24778125,1745985,17.0
778.642984152,90.93671875,81.608234375,1745985,17.0
778.734173059,90.63125,81.970015625,1740120,17.0
778.884283066,90.790625,82.3214375,1743180,17.0
778.939203024,90.80390625,82.685078125,1743435,17.0
779.088377953,90.3125,83.035703125,1734000,17.0
779.229182959,90.88359375,83.425109375,1744965,17.0
779.368885994,90.59140625,83.80415625,1739355,17.0
779.518445015,90.06015625,84.171515625,1729155,17.0
779.664497137,89.98046875,84.530109375,1727625,17.0
779.802047014,90.48515625,84.91446875,1737315,17.0
779.896672964,90.0203125,85.28209375,1728390,17.0
780.035298109,89.2234375,85.63590625,1713090,17.0
780.182485104,89.44921875,85.992640625,1717425,17.0
780.233968973,90.06015625,86.357875,1729155,17.0
780.334253073,90.046875,86.725765625,1728900,17.0
780.430346966,89.68828125,87.084890625,1722015,17.0
780.570466995,89.409375,87.45065625,1716660,17.0
780.663005114,88.9046875,87.788265625,1706970,17.0
780.803461075,86.009375,88.082046875,1651380,16.0
780.899830103,85.159375,88.349265625,1635060,16.0
781.051411152,96.103125,88.815171875,1845180,18.0
781.106289148,95.02734375,89.257171875,1824525,18.0
781.196007967,95.82421875,89.712453125,1839825,18.0
781.337172985,87.27109375,90.013140625,1675605,17.0
781.428879023,97.4046875,90.52075,1870170,19.0
781.582663059,86.328125,90.8001875,1657500,16.0
781.636517048,90.9765625,90.959828125,1746750,17.0
781.782850027,94.4296875,91.0190625,1813050,17.0
781.837063074,95.82421875,91.058375,1839825,18.0
781.93394804,80.12578125,90.7885,1538415,16.0
782.083655119,91.01640625,90.72740625,1747515,17.0
782.14044714,86.20859375,90.604953125,1655205,16.0
782.229959011,85.8234375,90.494453125,1647810,16.0
782.368194103,84.05703125,90.35446875,1613895,15.0
782.463123083,85.690625,90.243703125,1645260,15.0
782.602330923,94.3765625,90.30665625,1812030,18.0
782.696321964,95.37265625,90.391125,1831155,18.0
782.835103035,87.5765625,90.314625,1681470,16.0
782.982036114,95.678125,90.40121875,1837020,18.0
783.033247948,93.128125,90.435484375,1788060,17.0
783.182007074,96.56796875,90.527921875,1854105,18.0
783.245429039,96.6609375,90.624078125,1855890,18.0
783.348708153,99.5828125,90.799921875,1911990,18.0
783.400459051,102.41171875,91.03553125,1966305,19.0
783.50027895,104.975,91.31709375,2015520,20.0
783.648821115,97.909375,91.439015625,1879860,18.0
783.71491003,98.53359375,91.59865625,1891845,18.0
783.863270044,107.790625,91.94078125,2069580,21.0
784.004997969,101.0703125,92.162578125,1940550,20.0
784.098432064,99.1578125,92.327,1903830,19.0
784.238139153,90.40546875,92.316375,1735785,17.0
784.331571102,91.54765625,92.334703125,1757715,17.0
784.46983695,101.21640625,92.54321875,1943355,19.0
784.563229084,96.0765625,92.648671875,1844670,18.0
784.718867064,95.09375,92.744296875,1825800,18.0
784.85895896,88.7984375,92.70259375,1704930,17.0
785.000985146,97.97578125,92.85028125,1881135,18.0
785.095469952,94.38984375,92.936875,1812285,18.0
785.248223066,89.303125,92.923328125,1714620,17.0
785.391284943,95.4921875,93.02346875,1833450,18.0
785.537265062,94.2171875,93.10740625,1808970,18.0
785.628665924,96.9265625,93.26146875,1860990,18.0
785.767591953,97.43125,93.421109375,1870680,18.0
785.919083118,99.41015625,93.608109375,1908675,19.0
786.080759048,100.76484375,93.82246875,1934685,19.0
786.133454084,97.75,93.983703125,1876800,18.0
786.231841087,100.5125,94.205765625,1929840,19.0
786.330735922,92.13203125,94.2703125,1768935,17.0
786.470513105,101.89375,94.588,1956360,19.0
786.561154127,100.40625,94.8929375,1927800,19.0
786.700773001,94.62890625,94.863453125,1816875,18.0
786.847842932,102.9828125,95.0225625,1977270,19.0
786.918435097,99.3171875,95.092421875,1906890,18.0
787.071125984,96.78046875,95.282609375,1858185,19.0
787.223843098,101.40234375,95.3625625,1946925,19.0
787.366272926,102.5578125,95.68715625,1969110,19.0
787.518356085,93.46015625,95.736828125,1794435,18.0
787.662838936,102.7703125,95.903640625,1973190,19.0
787.802488089,101.80078125,96.023171875,1954575,19.0
787.895324945,92.6234375,96.273125,1778370,17.0
787.996360064,96.99296875,96.39265625,1862265,18.0
788.094210148,98.93203125,96.647125,1899495,18.0
788.237538099,99.928125,96.92921875,1918620,19.0
788.332556963,92.66328125,97.10134375,1779135,17.0
788.480883121,103.28828125,97.453296875,1983135,19.0
788.54928112,100.04765625,97.56671875,1920915,19.0
788.691921949,102.09296875,97.701125,1960185,19.0
788.837451935,99.75546875,97.944703125,1915305,19.0
788.929722071,101.56171875,98.062375,1949985,19.0
789.084751129,104.74921875,98.294796875,2011185,19.0
789.228071928,95.90390625,98.281515625,1841355,18.0
789.370363951,103.8859375,98.426015625,1994610,19.0
789.46141696,102.3453125,98.481265625,1965030,19.0
789.601911068,96.0765625,98.3545625,1844670,18.0
789.750292063,103.04921875,98.316046875,1978545,19.0
789.89872098,100.04765625,98.3588125,1920915,19.0
790.050717115,94.4296875,98.276734375,1813050,18.0
790.193321943,98.3875,98.088671875,1889040,18.0
790.336835146,108.91953125,98.24565625,2091255,21.0
790.428910017,106.18359375,98.386171875,2038725,20.0
790.567307949,103.55390625,98.649140625,1988235,20.0
790.661806107,103.97890625,98.897765625,1996395,20.0
790.801442146,103.4609375,98.94265625,1986450,20.0
790.894309044,103.3015625,99.08715625,1983390,19.0
790.995160103,103.68671875,99.259015625,1990785,20.0
791.147356987,103.12890625,99.545625,1980075,19.0
791.197793007,102.584375,99.637796875,1969620,19.0
791.294944048,103.04921875,99.810984375,1978545,19.0
791.449406147,102.17265625,100.068375,1961715,19.0
791.51624012,102.4515625,100.2075625,1967070,19.0
791.665851116,102.3984375,100.3711875,1966050,19.0
791.816096067,102.265625,100.47796875,1963500,19.0
791.96261096,102.10625,100.57146875,1960440,19.0
792.10196209,101.80078125,100.61928125,1954575,19.0
792.193973064,101.90703125,100.642125,1956615,19.0
792.335036993,99.928125,100.6856875,1918620,19.0
792.427497149,101.42890625,100.704015625,1947435,19.0
792.587321043,101.48203125,100.891015625,1948455,19.0
792.733309031,101.24296875,100.878,1943865,19.0
792.827605009,100.52578125,100.880390625,1930095,19.0
792.966351986,101.34921875,101.014796875,1945905,19.0
793.060985088,101.46875,100.984515625,1948200,19.0
793.21290493,101.50859375,101.02834375,1948965,19.0
793.267688036,101.04375,101.113609375,1940040,19.0
793.360188961,100.89765625,101.103515625,1937235,19.0
793.501065016,100.725,101.066859375,1933920,19.0
793.593757153,101.00390625,101.217734375,1939275,19.0
793.733741999,101.04375,101.183203125,1940040,19.0
793.879596949,101.50859375,101.177359375,1948965,19.0
793.945543051,100.8046875,101.340984375,1935450,19.0
794.089349985,100.87109375,101.418546875,1936725,19.0
794.233781099,100.2203125,101.4443125,1924230,19.0
794.380042076,100.39296875,101.453609375,1927545,19.0
794.430712938,99.7953125,101.59625,1916070,19.0
794.579957008,100.3265625,101.537015625,1926270,19.0
794.627799034,100.0609375,101.53728125,1921170,19.0
794.76554203,100.31328125,101.5016875,1926015,19.0
794.917472124,99.99453125,101.50646875,1919895,19.0
795.06111908,99.83515625,101.4719375,1916835,19.0
795.198748112,99.14453125,101.35984375,1903575,18.0
795.294171095,99.48984375,101.4315625,1910205,19.0
795.433372974,99.54296875,101.344703125,1911225,19.0
795.528638124,98.93203125,101.2764375,1899495,18.0
795.683417082,99.13125,101.33753125,1903320,19.0
795.827218056,99.078125,101.258109375,1902300,19.0
795.966135025,99.67578125,101.250671875,1913775,19.0
796.060328007,99.43671875,101.3508125,1909185,19.0
796.21283102,99.38359375,101.370734375,1908165,19.0
796.264704943,99.290625,101.17815625,1906380,18.0
796.360594988,98.971875,101.033921875,1900260,18.0
796.500931025,99.184375,100.94653125,1904340,19.0
796.593588114,99.184375,100.850640625,1904340,19.0
796.73249507,99.5828125,100.773078125,1911990,18.0
796.882298946,98.95859375,100.68621875,1900005,18.0
797.026567936,99.46328125,100.60175,1909695,19.0
797.16586709,99.80859375,100.53534375,1916325,19.0
797.260607958,99.5828125,100.4753125,1911990,19.0
797.398733139,100.15390625,100.41740625,1922955,19.0
797.493030071,99.78203125,100.36959375,1915815,19.0
797.650599957,99.9015625,100.31859375,1918110,19.0
797.789973021,99.078125,100.2521875,1902300,19.0
797.930367947,99.59609375,100.198796875,1912245,19.0
798.079977036,99.98125,100.156296875,1919640,19.0
798.132786036,100.1671875,100.123625,1923210,19.0
798.233550072,100.4859375,100.095203125,1929330,19.0
798.32815814,102.3453125,100.143546875,1965030,19.5
798.469515085,101.4953125,100.144875,1948710,20.0
798.559272051,102.30546875,100.16134375,1964265,20.0
798.698459148,101.66796875,100.16984375,1952025,19.0
798.848670959,100.778125,100.174890625,1934940,19.0
798.997233152,101.4953125,100.1778125,1948710,19.0
799.147791147,102.0796875,100.19003125,1959930,19.0
799.195945978,101.9203125,100.198265625,1956870,19.0
799.348619938,101.7875,100.213140625,1954320,19.0
799.48974514,101.89375,100.2330625,1956360,19.0
799.631062031,100.02109375,100.218984375,1920405,19.0
799.783065081,100.39296875,100.206765625,1927545,19.0
799.926381111,100.0875,100.187640625,1921680,19.0
800.065485001,100.61875,100.16984375,1931880,19.0
800.159584999,100.26015625,100.158953125,1924995,19.0
800.259937048,100.60546875,100.153640625,1931625,19.0
800.399141073,100.28671875,100.15496875,1925505,19.0
800.498116016,99.4234375,100.135578125,1908930,19.0
800.600520134,99.078125,100.121234375,1902300,19.0
800.699267149,99.3171875,100.101046875,1906890,19.0
800.856675148,94.44296875,99.9886875,1813305,18.0
801.013509989,91.30859375,99.80859375,1753125,17.0
801.082149029,102.27890625,99.85428125,1963755,19.0
801.245914936,97.94921875,99.8165625,1880625,18.0
801.300580978,100.07421875,99.83515625,1921425,18.0
801.451362133,91.97265625,99.6848125,1765875,17.0
801.599785089,102.1859375,99.737671875,1961970,19.0
801.747442007,101.5484375,99.79,1949730,19.0
801.813398123,100.92421875,99.825859375,1937745,19.0
801.878260136,96.22265625,99.76875,1847475,18.0
801.933794975,92.18515625,99.6189375,1769955,17.0
802.026358128,91.6671875,99.463546875,1760010,17.0
802.169316053,102.81015625,99.532078125,1973955,19.0
802.265557051,100.4859375,99.555984375,1929330,19.0
802.358854055,99.609375,99.568734375,1912500,18.0
802.500175953,95.98359375,99.50471875,1842885,18.0
802.645096064,93.5796875,99.392625,1796730,17.0
802.696757078,102.265625,99.44628125,1963500,19.0
802.792659044,99.0515625,99.448140625,1901790,18.0
802.932670116,97.86953125,99.416265625,1879095,18.0
803.025488138,94.76171875,99.315328125,1819425,18.0
803.164480925,93.3671875,99.191015625,1792650,17.0
803.314779997,104.48359375,99.277609375,2006085,20.0
803.4604671,101.66796875,99.315328125,1952025,19.0
803.597607136,96.79375,99.253171875,1858440,18.0
803.745167971,93.22109375,99.13603125,1789845,17.0
803.799865961,101.2296875,99.168703125,1943610,19.0
803.892363071,102.11953125,99.21146875,1960695,19.0
804.030758142,100.89765625,99.226078125,1937235,19.0
804.181329966,104.74921875,99.31134375,2011185,19.0
804.321686029,95.69140625,99.178265625,1837275,17.0
804.461154938,102.8234375,99.204828125,1974210,19.0
804.559999943,96.2359375,99.0834375,1847730,17.0
804.66143012,101.88046875,99.0876875,1956105,18.0
804.759123087,96.15625,98.99525,1846200,18.0
804.898874044,92.9953125,98.82525,1785510,17.0
804.994138956,101.6015625,98.8156875,1950750,19.0
805.132108927,101.45546875,98.806390625,1947945,18.0
805.278785944,99.821875,98.767078125,1916580,18.0
805.332819939,98.95859375,98.708375,1900005,18.0
805.480147123,93.021875,98.568390625,1786020,17.0
805.539173126,93.9515625,98.4395625,1803870,17.0
805.629426956,103.80625,98.5139375,1993080,19.0
805.779510021,101.61484375,98.533859375,1951005,18.0
805.935009003,99.83515625,98.525359375,1916835,19.0
806.025041103,93.22109375,98.377671875,1789845,17.0
806.164833069,104.24453125,98.456828125,2001495,19.0
806.313735008,103.89921875,98.54634375,1994865,20.0
806.424608946,103.92578125,98.643296875,1995375,20.0
806.576934099,104.11171875,98.7391875,1998945,19.0
806.720952988,92.11875,98.692703125,1768680,17.0
806.864684105,100.2734375,98.872,1925250,19.0
806.9582901,100.28671875,98.83215625,1925505,18.0
807.097068071,105.94453125,98.9920625,2034135,20.0
807.246932983,106.39609375,99.1185,2042805,20.0
807.395008087,93.4203125,99.147453125,1793670,17.0
807.545890093,107.95,99.262734375,2072640,20.0
807.601809025,106.99375,99.371640625,2054280,20.0
807.697476149,96.03671875,99.273890625,1843905,17.0
807.79181695,96.32890625,99.276015625,1849515,18.0
807.930521011,105.0015625,99.53234375,2016030,19.0
808.024958134,106.35625,99.826125,2042040,20.0
808.163960934,98.0953125,99.731828125,1883430,18.0
808.259967089,102.19921875,99.76609375,1962225,19.0
808.413979053,100.76484375,99.789203125,1934685,18.0
808.554624081,107.24609375,100.014453125,2059125,20.0
808.695868015,102.0265625,100.183390625,1958910,20.0
808.843467951,100.9375,100.156828125,1938000,19.0
808.905333042,107.03359375,100.31646875,2055045,20.0
808.995274067,106.0640625,100.480359375,2036430,19.0
809.091125965,95.678125,100.4986875,1837020,17.0
809.231421947,93.4203125,100.49975,1793670,17.0
809.345153093,106.39609375,100.538,2042805,20.0
809.492754936,103.52734375,100.5751875,1987725,19.0
809.647956133,96.6078125,100.57146875,1854870,18.0
809.787534952,105.70546875,100.82115625,2029545,19.0
809.929624081,96.88671875,100.734296875,1860225,18.0
810.024640083,105.86484375,100.809203125,2032605,20.0
810.166985035,105.7453125,100.90615625,2030310,19.0
810.258759975,110.59296875,101.02303125,2123385,21.0
810.396532059,109.58359375,101.300875,2104005,20.0
810.543666124,106.7015625,101.3784375,2048670,20.0
810.61228013,106.18359375,101.577390625,2038725,19.0
810.764081001,102.41171875,101.588015625,1966305,19.0
810.857942104,102.478125,101.714453125,1967580,19.0
810.962146997,101.8140625,101.890828125,1954830,19.0
811.057971001,102.5046875,101.908890625,1968090,19.0
811.157413006,102.09296875,101.921640625,1960185,19.0
811.313920975,102.57109375,101.976625,1969365,19.0
811.47163415,101.82734375,102.034,1955085,19.0
811.577059031,101.415625,102.201875,1947180,19.0
811.638770103,101.7078125,102.357,1952790,19.0
811.781872034,101.26953125,102.306265625,1944375,19.0
811.931056023,101.0171875,102.2943125,1939530,19.0
812.026237965,100.990625,102.317421875,1939020,19.0
812.178410053,101.4953125,102.48290625,1948710,19.0
812.244354963,101.7609375,102.433234375,1953810,19.0
812.386175156,102.9296875,102.41384375,1976250,19.0
812.526757002,100.9109375,102.353546875,1937490,19.0
812.664879084,101.00390625,102.291390625,1939275,19.0
812.811748981,101.18984375,102.4728125,1942845,19.0
812.865822077,100.6984375,102.4813125,1933410,19.0
812.958749056,100.65859375,102.48875,1932645,19.0
813.101825953,100.36640625,102.3771875,1927035,19.0
813.190293074,100.8046875,102.265359375,1935450,19.0
813.343965054,100.8578125,102.414109375,1936470,19.0
813.397830963,100.671875,102.268546875,1932900,19.0
813.490744114,99.51640625,102.119,1910715,19.0
813.629622936,99.25078125,102.18328125,1905615,18.0
813.779000044,99.1046875,102.238796875,1902810,18.0
813.919331074,99.2109375,102.122984375,1904850,19.0
814.06219101,98.6265625,101.968390625,1893630,18.0
814.156631947,99.67578125,102.0,1913775,19.0
814.311979055,99.396875,101.943953125,1908420,19.0
814.455569983,98.971875,101.90809375,1900260,18.0
814.595978975,98.34765625,101.730125,1888275,18.0
814.690575123,98.02890625,101.650171875,1882155,18.0
814.842699051,98.26796875,101.59678125,1886745,18.0
814.89369607,97.41796875,101.40446875,1870425,18.0
814.990093946,97.39140625,101.231015625,1869915,18.0
815.130320072,98.00234375,101.2775,1881645,18.0
815.230692148,97.57734375,101.360640625,1873485,18.0
815.324598074,98.63984375,101.205515625,1893885,19.0
815.463771105,96.88671875,101.072703125,1860225,18.0
815.558882952,97.01953125,101.0809375,1862775,18.0
815.696888924,97.04609375,100.90775,1863285,18.0
815.790722132,96.78046875,100.905625,1858185,18.0
815.930158138,97.271875,100.733765625,1867620,18.0
816.022844076,96.86015625,100.5560625,1859715,18.0
816.176314116,96.846875,100.281140625,1859460,18.0
816.319052935,96.93984375,100.028265625,1861245,18.0
816.459111929,96.67421875,99.82771875,1856145,18.0
816.609035969,96.03671875,99.62478125,1843905,18.0
816.662508011,95.71796875,99.49090625,1837785,18.0
816.758543015,96.01015625,99.361546875,1843395,18.0
816.857100964,95.9171875,99.243609375,1841610,18.0
816.996434927,95.8640625,99.110796875,1840590,18.0
817.09059906,96.3421875,98.99578125,1849770,18.0
817.228423119,96.6078125,98.876515625,1854870,18.0
817.378420115,96.48828125,98.769734375,1852575,18.0
817.528118134,95.4921875,98.651265625,1833450,18.0
817.677369118,94.9875,98.516859375,1823760,18.0
817.74219203,95.7578125,98.406625,1838550,18.0
817.884783983,95.4921875,98.296125,1833450,18.0
818.025567055,95.465625,98.185625,1832940,18.0
818.163500071,95.7046875,98.0698125,1837530,18.0
818.258466959,95.00078125,97.934609375,1824015,18.0
818.409043074,95.4125,97.784265625,1831920,18.0
818.559592962,94.721875,97.660484375,1818660,18.0
818.712952137,94.57578125,97.531921875,1815855,18.0
818.852751017,95.040625,97.4089375,1824780,18.0
818.99197197,94.97421875,97.294453125,1823505,18.0
819.12894702,95.5453125,97.1921875,1834470,18.0
819.223109961,95.0140625,97.085140625,1824270,18.0
819.378921986,95.98359375,96.98871875,1842885,18.0
819.520039082,93.8453125,96.84846875,1801830,18.0
819.660968065,93.9515625,96.7140625,1803870,18.0
819.755872011,93.4734375,96.593203125,1794690,17.0
819.911859989,94.49609375,96.498109375,1814325,18.0
820.051680088,94.89453125,96.41390625,1821975,18.0
820.191822052,94.9078125,96.32784375,1822230,18.0
820.329229116,95.29296875,96.261171875,1829625,18.0
820.422618151,94.8546875,96.16475,1821210,18.0
820.562133074,94.86796875,96.074171875,1821465,18.0
820.655298948,89.10390625,95.8768125,1710795,16.0
820.794002056,87.24453125,95.65475,1675095,15.0
820.889521122,95.3328125,95.600828125,1830390,18.0
820.990767002,101.00390625,95.655546875,1939275,18.0
821.141556978,97.12578125,95.649703125,1864815,17.0
821.192852974,94.46953125,95.591265625,1813815,17.0
821.329841137,89.78125,95.42684375,1723800,16.0
821.422304153,89.92734375,95.27384375,1726605,16.0
821.560902119,104.23125,95.385671875,2001240,20.0
821.712902069,102.35859375,95.495109375,1965285,19.0
821.860290051,98.29453125,95.520609375,1887255,18.0
822.009638071,102.796875,95.635625,1973700,20.0
822.06133008,104.21796875,95.784375,2000985,19.0
822.15666914,98.70625,95.8130625,1895160,18.0
822.309670925,107.7109375,96.030078125,2068050,21.0
822.451797009,97.909375,96.051328125,1879860,19.0
822.555551052,99.821875,96.10896875,1916580,20.0
822.709393978,111.12421875,96.39796875,2133585,21.0
822.852926016,107.16640625,96.6205625,2057595,21.0
822.99793005,102.7171875,96.760546875,1972170,20.0
823.089731932,103.66015625,96.913546875,1990275,20.0
823.199717045,93.3671875,96.862546875,1792650,18.0
823.293451071,94.54921875,96.83625,1815345,19.0
823.388087988,93.69921875,96.783390625,1799025,18.0
823.488909006,98.334375,96.817921875,1888020,19.0
823.589090109,97.84296875,96.845015625,1878585,18.0
823.688452005,88.559375,96.706359375,1700340,16.0
823.791805983,98.53359375,96.77728125,1891845,19.0
823.941394091,86.81953125,96.598515625,1666935,17.0
823.992660999,92.75625,96.543796875,1780920,17.0
824.140768051,87.6296875,96.387078125,1682490,16.0
824.191643953,86.36796875,96.20034375,1658265,16.0
824.28797102,88.4796875,96.069921875,1698810,17.0
824.387647152,93.93828125,96.0404375,1803615,17.0
824.528028965,93.75234375,96.021046875,1800045,17.0
824.621998072,90.75078125,95.944546875,1742415,17.0
824.773873091,98.56015625,96.0149375,1892355,19.0
824.824366093,101.61484375,96.14775,1951005,19.0
824.973868132,106.5421875,96.3676875,2045610,20.0
825.031917095,96.62109375,96.399828125,1855125,18.0
825.122864008,95.10703125,96.382296875,1826055,18.0
825.261903048,108.6140625,96.677671875,2085390,21.0
825.355010986,98.759375,96.773828125,1896180,19.0
825.495239973,94.73515625,96.7990625,1818915,18.0
825.590779066,92.37109375,96.7565625,1773525,17.0
825.745761156,95.45234375,96.76771875,1832685,17.0
825.884917021,96.51484375,96.799859375,1853085,18.0
826.025464058,89.84765625,96.690953125,1725075,17.0
826.174299002,92.65,96.646859375,1778880,18.0
826.233886957,90.3125,96.55575,1734000,17.0
826.32448101,93.81875,96.650046875,1801320,18.0
826.474065065,87.35078125,96.652171875,1677135,16.0
826.622581005,95.678125,96.659078125,1837020,18.0
826.759732962,98.71953125,96.613390625,1895415,18.0
826.909484148,95.34609375,96.577796875,1830645,18.0
826.960822105,103.15546875,96.751515625,1980585,19.0
827.058887005,100.02109375,96.9563125,1920405,19.0
827.154276133,97.590625,97.109578125,1873740,19.0
827.293429136,93.18125,96.888578125,1789080,18.0
827.387496948,94.97421875,96.740890625,1823505,19.0
827.543190002,100.41953125,96.783390625,1928055,19.0
827.684216976,94.084375,96.609140625,1806420,18.0
827.823421955,101.734375,96.55946875,1953300,19.0
827.925931931,106.39609375,96.713265625,2042805,20.0
828.073704004,99.5828125,96.550703125,1911990,19.0
828.128793955,95.31953125,96.49890625,1830135,18.0
828.220227957,96.43515625,96.431171875,1851555,18.0
828.365499973,102.6640625,96.26196875,1971150,20.0
828.454031944,93.39375,95.986515625,1793160,17.0
828.594171047,101.25625,95.957296875,1944120,19.0
828.742841959,99.51640625,95.874421875,1910715,18.0
828.888252974,94.65546875,95.9001875,1817385,18.0
829.045472145,93.5265625,95.879734375,1795710,18.0
829.189260006,99.078125,95.9873125,1902300,18.0
829.340825081,99.27734375,96.006171875,1906125,18.0
829.483798981,92.33125,95.8959375,1772760,17.0
829.627697945,95.3328125,96.03140625,1830390,18.0
829.777265072,93.99140625,95.9405625,1804635,18.0
829.91703701,92.68984375,96.05796875,1779645,18.0
830.061455011,95.00078125,96.102859375,1824015,18.0
830.154544115,98.5203125,96.320671875,1891590,18.0
830.310292959,100.15390625,96.596390625,1922955,19.0
830.456043959,97.1921875,96.770640625,1866090,19.0
830.605972052,96.7140625,96.82615625,1856910,18.0
830.660491943,92.37109375,96.79853125,1773525,18.0
830.759686947,92.10546875,96.825625,1768425,18.0
830.910958052,92.4109375,96.702640625,1774290,18.0
831.049968958,92.596875,96.52228125,1777860,18.0
831.19205904,93.64609375,96.264359375,1798005,18.0
831.340494156,93.871875,96.209375,1802340,18.0
831.393765926,94.68203125,96.200875,1817895,18.0
831.491795063,94.3765625,95.916125,1812030,18.0
831.586970091,95.4125,95.8491875,1831920,18.0
831.725969076,94.04453125,95.835375,1805655,18.0
831.820323944,93.5265625,95.858484375,1795710,18.0
831.959195137,93.75234375,95.824484375,1800045,18.0
832.053596973,93.81875,95.7705625,1801320,18.0
832.194065094,94.3765625,95.861140625,1812030,18.0
832.292248964,94.78828125,95.90390625,1819935,18.0
832.386525154,95.571875,96.00909375,1834980,18.0
832.52523303,95.61171875,96.044953125,1835745,18.0
832.676005125,95.8109375,96.21415625,1839570,18.0
832.820127964,95.0671875,96.2019375,1825290,18.0
832.959555149,93.93828125,96.1063125,1803615,18.0
833.052742004,95.1203125,96.101796875,1826310,18.0
833.19216609,94.509375,95.928875,1814580,18.0
833.287361145,95.29296875,95.8343125,1829625,18.0
833.440948963,95.82421875,95.798984375,1839825,18.0
833.491730928,95.39921875,95.84334375,1831665,18.0
833.588019133,95.7578125,95.859015625,1838550,18.0
833.743504047,95.73125,95.76525,1838040,18.0
833.883593082,95.51875,95.7939375,1833960,18.0
834.03916502,95.08046875,95.660859375,1825545,18.0
834.182389021,94.49609375,95.422859375,1814325,18.0
834.328164101,94.5890625,95.322984375,1816110,18.0
834.424081087,95.08046875,95.318203125,1825545,18.0
834.576557159,94.52265625,95.279953125,1814835,18.0
834.716130018,94.94765625,95.125625,1822995,18.0
834.856313944,94.36328125,95.145015625,1811775,18.0
834.952572107,93.96484375,94.9991875,1804125,18.0
835.109281063,93.46015625,94.8780625,1794435,18.0
835.250832081,93.4203125,94.853359375,1793670,18.0
835.394925117,93.88515625,94.86053125,1802595,18.0
835.486726046,93.7125,94.75321875,1799280,18.0
835.625159025,93.3140625,94.633953125,1791630,18.0
835.775457144,94.23046875,94.6719375,1809225,18.0
835.916373968,93.4734375,94.63475,1794690,18.0
836.057471037,93.00859375,94.61509375,1785765,18.0
836.205517054,93.0484375,94.622265625,1786530,18.0
836.259209156,93.03515625,94.582953125,1786275,18.0
836.355441093,93.46015625,94.48175,1794435,18.0
836.507683039,92.7296875,94.333265625,1780410,18.0
836.653844118,93.72578125,94.2639375,1799535,18.0
836.791770935,93.30078125,94.195671875,1791375,18.0
836.886724949,93.08828125,94.210015625,1787295,18.0
837.02857995,93.35390625,94.234984375,1792395,18.0
837.121349096,93.5796875,94.258359375,1796730,18.0
837.271938086,93.48671875,94.27615625,1794945,18.0
837.318634987,93.67265625,94.2766875,1798515,18.0
837.425637007,93.56640625,94.270578125,1796475,18.0
837.521793127,93.2875,94.2426875,1791120,18.0
837.678097963,93.67265625,94.228609375,1798515,18.0
837.818446159,94.23046875,94.20496875,1809225,18.0
837.920832157,93.60625,94.196203125,1797240,18.0
838.058297157,94.25703125,94.2108125,1809735,18.0
838.152687073,93.67265625,94.20921875,1798515,18.0
838.298731089,93.83203125,94.209484375,1801575,18.0
838.386960983,93.96484375,94.20125,1804125,18.0
838.526021004,93.6328125,94.178140625,1797750,18.0
838.622126102,93.48671875,94.1364375,1794945,18.0
838.761498928,93.77890625,94.09978125,1800555,18.0
838.852905989,94.084375,94.06525,1806420,18.0
838.991646051,93.80546875,94.040015625,1801065,18.0
839.086606979,93.553125,94.0323125,1796220,18.0
839.225675106,93.925,94.00840625,1803360,18.0
839.329703093,94.3765625,94.00575,1812030,18.0
839.472191095,94.41640625,93.98821875,1812795,18.0
839.526435137,93.81875,93.948109375,1801320,18.0
839.618766069,93.51328125,93.910390625,1795455,18.0
839.772593975,93.871875,93.872671875,1802340,18.0
839.825330973,93.60625,93.830171875,1797240,18.0
839.921617985,93.3671875,93.787140625,1792650,18.0
840.071063995,92.90234375,93.743578125,1783725,18.0
840.124907017,92.21171875,93.697890625,1770465,17.0
840.219577074,92.4109375,93.654328125,1774290,17.0
840.374377012,93.553125,93.62378125,1796220,18.0
840.515183926,92.596875,93.585265625,1777860,17.0
840.656409025,92.63671875,93.539046875,1778625,17.0
840.753149986,93.4203125,93.5201875,1793670,18.0
840.908309937,89.76796875,93.43625,1723545,16.0
841.053269148,84.37578125,93.2545625,1620015,15.0
841.192692041,97.7234375,93.340625,1876290,18.0
841.285656929,96.5015625,93.392953125,1852830,18.0
841.425204039,93.22109375,93.383125,1789845,17.0
841.575024128,87.40390625,93.264921875,1678155,15.0
841.715076923,87.7890625,93.13609375,1685550,16.0
841.859400988,97.165625,93.2099375,1865580,18.0
841.951316118,95.5453125,93.260671875,1834470,17.0
842.092365026,91.534375,93.230390625,1757460,17.0
842.242788076,84.8140625,93.06596875,1628430,14.0
842.383569002,98.63984375,93.1695625,1893885,18.0
842.525253057,95.9171875,93.2333125,1841610,18.0
842.618155956,96.64765625,93.29175,1855635,17.0
842.771127939,85.6109375,93.137953125,1643730,15.0
842.915663958,89.9140625,93.07446875,1726350,16.0
843.058537006,96.36875,93.134765625,1850280,17.0
843.154472113,95.61171875,93.17540625,1835745,17.0
843.292534113,90.7375,93.120421875,1742160,17.0
843.437669992,87.55,92.99796875,1680960,15.0
843.488768101,93.0484375,92.987609375,1786530,17.0
843.586669922,96.6078125,93.054015625,1854870,17.0
843.738366127,95.18671875,93.084296875,1827585,17.0
843.793156147,94.31015625,93.085890625,1810755,16.0
843.884819984,88.2671875,92.979109375,1694730,16.0
844.023828983,87.5765625,92.8455,1681470,15.0
844.170930147,94.8546875,92.869140625,1821210,17.0
844.221689939,98.34765625,92.959453125,1888275,18.0
844.370986938,97.17890625,93.023734375,1865835,17.0
844.428020954,96.70078125,93.08509375,1856655,17.0
844.540446043,88.17421875,92.97884375,1692945,15.0
844.681344986,88.38671875,92.871,1697025,15.0
844.820739031,100.39296875,92.997171875,1927545,18.0
844.970431089,99.1046875,93.10315625,1902810,18.0
845.113743067,100.52578125,93.242609375,1930095,18.0
845.253014088,91.215625,93.188421875,1751340,16.0
845.404384136,92.2515625,93.145921875,1771230,17.0
845.459089041,100.73828125,93.272359375,1934175,18.0
845.553269148,100.63203125,93.408625,1932135,18.0
845.709005117,98.4140625,93.506640625,1889550,17.0
845.870527983,90.72421875,93.4436875,1741905,16.0
845.925539017,90.37890625,93.379140625,1735275,16.0
846.017337084,94.12421875,93.39428125,1807185,17.0
846.155035019,99.1046875,93.518328125,1902810,18.0
846.305379152,96.56796875,93.605453125,1854105,17.0
846.371892929,98.121875,93.719671875,1883940,17.0
846.513719082,89.98046875,93.64821875,1727625,16.0
846.655856133,91.78671875,93.632015625,1762305,16.0
846.750859976,99.5296875,93.769875,1910970,18.0
846.890911102,99.5828125,93.893125,1911990,18.0
846.984694958,96.421875,94.026203125,1851300,18.0
847.122295141,90.21953125,94.143078125,1732215,15.0
847.270520926,93.4734375,94.058078125,1794690,17.0
847.336976051,98.93203125,94.1066875,1899495,18.0
847.476417065,98.05546875,94.203375,1882665,18.0
847.623638153,94.46953125,94.3446875,1813815,17.0
847.771965027,89.34296875,94.375765625,1715385,15.0
847.830860138,91.41484375,94.26075,1755165,16.0
847.918843031,101.25625,94.37496875,1944120,18.0
848.056493044,100.23359375,94.548953125,1924485,18.0
848.202993155,102.22578125,94.8971875,1962735,18.0
848.258283138,94.09765625,94.80634375,1806675,17.0
848.354820967,92.61015625,94.740203125,1778115,16.0
848.506590128,97.20546875,94.751359375,1866345,18.0
848.646813154,97.84296875,94.996,1878585,18.0
848.788309097,99.91484375,95.196015625,1918365,18.0
848.9367311,91.36171875,95.095875,1754145,16.0
848.986820936,90.64453125,94.99653125,1740375,15.0
849.136003017,99.27734375,95.167328125,1906125,18.0
849.192551136,99.2375,95.401078125,1905360,18.0
849.284662008,98.63984375,95.51290625,1893885,18.0
849.422233105,99.078125,95.5623125,1902300,18.0
849.569155931,91.959375,95.497765625,1765620,16.0
849.619974136,93.11484375,95.473859375,1787805,17.0
849.76979804,100.65859375,95.7216875,1932645,18.0
849.912023067,99.01171875,95.950390625,1901025,18.0
850.054670095,92.82265625,95.90975,1782195,16.0
850.15030098,91.5078125,95.772953125,1756950,16.0
850.288877964,104.27109375,95.914796875,2002005,19.0
850.384235144,102.95625,96.03990625,1976760,18.0
850.48359704,99.4765625,96.265953125,1909950,18.0
850.584860086,99.51640625,96.488546875,1910715,18.0
850.73573494,98.3875,96.4484375,1889040,18.0
850.786189079,98.6,96.43834375,1893120,18.0
850.924416065,98.32109375,96.39425,1887765,18.0
851.069638968,98.00234375,96.529984375,1881645,18.0
851.130629063,97.5375,96.635703125,1872720,18.0
851.239383936,97.28515625,96.566640625,1867875,18.0
851.379305124,98.45390625,96.523078125,1890315,18.0
851.521530151,97.60390625,96.506875,1873995,18.0
851.669363022,96.36875,96.619765625,1850280,18.0
851.723228931,96.24921875,96.737171875,1847985,18.0
851.816127062,96.08984375,96.776484375,1844925,18.0
851.969923019,95.79765625,96.71034375,1839315,18.0
852.113013029,95.29296875,96.68484375,1829625,18.0
852.252643108,95.29296875,96.628265625,1829625,18.0
852.402528048,95.90390625,96.746734375,1841355,18.0
852.469061136,96.24921875,96.835984375,1847985,18.0
852.612770081,96.51484375,96.7756875,1853085,18.0
852.754239082,96.43515625,96.712734375,1851555,18.0
852.850093126,95.93046875,96.70290625,1841865,18.0
852.990013123,95.34609375,96.8054375,1830645,18.0
853.084856987,95.08046875,96.837578125,1825545,18.0
853.225134134,96.14296875,96.781796875,1845945,18.0
853.369534016,95.94375,96.7395625,1842120,18.0
853.423799992,95.18671875,96.75390625,1827585,18.0
853.521085978,95.4125,96.875296875,1831920,18.0
853.670232058,95.13359375,96.949671875,1826565,18.0
853.740795135,94.88125,96.822171875,1821720,18.0
853.890780926,94.68203125,96.711140625,1817895,18.0
853.983148098,94.92109375,96.565046875,1822485,18.0
854.125478983,94.4828125,96.57275,1814070,18.0
854.215625048,94.66875,96.613921875,1817640,18.0
854.368535042,95.26640625,96.575140625,1829115,18.0
854.41959095,94.721875,96.51271875,1818660,18.0
854.517961979,94.49609375,96.40434375,1814325,18.0
854.615236998,94.1109375,96.459328125,1806930,18.0
854.718119144,93.08828125,96.508203125,1787295,17.0
854.816288948,93.14140625,96.385484375,1788315,17.0
854.969784975,93.0484375,96.261703125,1786530,17.0
855.112705946,93.46015625,96.158109375,1794435,18.0
855.259845972,93.11484375,96.03884375,1787805,17.0
855.349444151,95.42578125,96.108171875,1832175,18.0
855.489244938,94.5625,96.137125,1815600,18.0
855.638425112,95.18671875,96.0276875,1827585,18.0
855.802080154,94.57578125,95.93896875,1815855,18.0
855.878000021,94.6953125,95.976421875,1818150,18.0
855.983333111,95.4390625,96.055046875,1832430,18.0
856.121958017,95.678125,95.8831875,1837020,18.0
856.216331005,95.31953125,95.730453125,1830135,18.0
856.368284941,96.40859375,95.66909375,1851045,18.0
856.51910615,95.784375,95.594453125,1839060,18.0
856.670809984,95.0671875,95.528046875,1825290,18.0
856.730437994,94.5625,95.447296875,1815600,18.0
856.835489035,94.20390625,95.364953125,1808715,18.0
856.886799097,94.52265625,95.295359375,1814835,18.0
856.984775066,93.765625,95.219921875,1800300,18.0
857.135178089,93.5,95.14421875,1795200,17.0
857.185935974,93.61953125,95.04753125,1797495,17.0
857.284706116,93.7390625,94.970234375,1799790,17.0
857.438035965,93.8984375,94.920828125,1802850,17.0
857.578172922,94.403125,94.88390625,1812540,18.0
857.718091965,93.46015625,94.8313125,1794435,18.0
857.867917061,93.6328125,94.788015625,1797750,17.0
857.92257905,93.765625,94.75746875,1800300,18.0
858.017324924,93.56640625,94.7229375,1796475,17.0
858.16755414,93.7390625,94.679640625,1799790,17.0
858.217024088,94.12421875,94.637140625,1807185,18.0
858.35650897,94.23046875,94.591453125,1809225,18.0
858.44905901,94.66875,94.556125,1817640,18.0
858.600598097,94.25703125,94.52265625,1809735,18.0
858.646463156,94.76171875,94.51096875,1819425,18.0
858.787446976,94.8546875,94.506453125,1821210,18.0
858.937664032,94.5359375,94.4743125,1815090,18.0
859.078350067,94.15078125,94.438453125,1807695,17.0
859.217642069,94.2703125,94.420125,1809990,18.0
859.355658054,94.0046875,94.39196875,1804890,18.0
859.505389929,94.1375,94.372046875,1807440,17.0
859.645326138,94.084375,94.356109375,1806420,18.0
859.786201954,94.12421875,94.344953125,1807185,17.0
859.883718014,93.00859375,94.306703125,1785765,17.0
859.982053041,92.6234375,94.269515625,1778370,17.0
860.122190952,92.92890625,94.23471875,1784235,17.0
860.215744019,92.84921875,94.186375,1782705,17.0
860.352673054,93.128125,94.1545,1788060,17.0
860.503354073,92.92890625,94.12315625,1784235,17.0
860.615026951,93.32734375,94.107484375,1791885,17.0
860.754333019,95.2,94.14971875,1827840,19.0
860.905396938,92.34453125,94.13378125,1773015,18.0
861.053117037,88.08125,94.0344375,1691160,17.0
861.148782969,76.80546875,93.70134375,1474665,14.0
861.287698984,89.7015625,93.633078125,1722270,17.0
861.380525112,77.7484375,93.27953125,1492770,15.0
861.53391099,83.15390625,93.051359375,1596555,15.0
861.682765961,83.73828125,92.822390625,1607775,15.0
861.825668097,77.66875,92.48425,1491240,16.0
861.916352987,89.02421875,92.370828125,1709265,16.0
862.053789139,93.16796875,92.32540625,1788825,17.0
862.147693157,100.1671875,92.4151875,1923210,18.0
862.289585114,101.0703125,92.530203125,1940550,19.0
862.385939121,108.4015625,92.7700625,2081310,21.0
862.533376932,109.0921875,93.03621875,2094570,20.0
862.583235979,107.75078125,93.289890625,2068815,20.0
862.721320152,105.43984375,93.5074375,2024445,20.0
862.869845152,107.41875,93.771734375,2062440,21.0
862.924493074,103.58046875,93.952890625,1988745,20.0
863.015087128,91.003125,93.897640625,1747260,18.0
863.15409112,92.79609375,93.8835625,1781685,17.0
863.248019934,104.23125,94.095796875,2001240,19.0
863.401730061,94.89453125,94.11890625,1821975,18.0
863.554772139,105.4,94.3489375,2023680,20.0
863.703920126,112.9171875,94.71921875,2168010,22.0
863.857017994,107.59140625,95.00184375,2065755,21.0
863.947030067,110.22109375,95.333609375,2116245,21.0
864.085857153,106.34296875,95.58515625,2041785,20.0
864.233643055,96.2359375,95.638546875,1847730,18.0
864.305828094,103.5671875,95.835109375,1988490,20.0
864.443150997,105.09453125,96.054515625,2017815,20.0
864.548166037,95.784375,96.08559375,1839060,18.0
864.702868938,103.15546875,96.255328125,1980585,20.0
864.844871044,99.94140625,96.369015625,1918875,19.0
864.947493076,104.178125,96.55734375,2000220,19.0
865.088077068,110.075,96.86175,2113440,21.0
865.182698965,101.840625,97.00784375,1955340,20.0
865.320521116,109.50390625,97.31490625,2102475,21.0
865.466850042,107.48515625,97.579203125,2063715,20.0
865.518464088,101.04375,97.719984375,1940040,19.0
865.668425083,100.3265625,97.843765625,1926270,19.0
865.721815109,101.56171875,97.9933125,1949985,20.0
865.815896988,105.9578125,98.229984375,2034390,20.0
865.953473091,107.9765625,98.52934375,2073150,21.0
866.047296047,102.14609375,98.719796875,1961205,19.0
866.187834978,98.79921875,98.837203125,1896945,19.0
866.28195715,92.1984375,98.8241875,1770210,17.0
866.437592983,93.925,98.840125,1803360,17.0
866.581393957,102.903125,99.039609375,1975740,18.0
866.719260931,98.28125,99.1386875,1887000,18.0
866.865848064,102.7703125,99.29009375,1973190,19.0
866.920251131,93.925,99.321703125,1803360,18.0
867.016531944,83.73828125,99.23484375,1607775,15.0
867.166597128,97.5109375,99.648953125,1872210,18.0
867.217741013,96.19609375,99.77884375,1846965,18.0
867.370206118,90.5515625,100.03490625,1738590,17.0
867.510183096,100.87109375,100.38925,1936725,19.0
867.651746988,102.11953125,100.756875,1960695,18.0
867.746796131,97.63046875,101.156109375,1874505,19.0
867.903309107,99.0515625,101.35665625,1901790,19.0
868.043808937,93.19453125,101.3571875,1789335,17.0
868.185013056,96.1296875,101.2764375,1845690,18.0
868.332205057,101.6015625,101.2870625,1950750,19.0
868.383819103,103.63359375,101.191703125,1989765,20.0
868.533036947,101.85390625,101.0469375,1955595,20.0
868.584013939,95.0671875,100.793265625,1825290,18.0
868.681106091,97.1921875,100.6283125,1866090,18.0
868.782328129,103.95234375,100.558984375,1995885,20.0
868.93403697,108.428125,100.6559375,2081820,20.0
868.98773098,96.8734375,100.77334375,1859970,19.0
869.132614136,89.47578125,100.7069375,1717935,17.0
869.18382597,94.775,100.5178125,1819680,18.0
869.322327137,100.41953125,100.6283125,1928055,19.0
869.413901091,95.10703125,100.422453125,1826055,18.0
869.553086996,90.3390625,99.970890625,1734510,17.0
869.70323801,102.371875,99.8665,1965540,20.0
869.843935966,104.56328125,99.75334375,2007615,19.0
869.98487711,99.290625,99.612296875,1906380,19.0
870.081035137,102.54453125,99.73846875,1968855,20.0
870.179896116,106.10390625,99.789203125,2037195,20.0
870.335624933,99.184375,99.671,1904340,19.0
870.483659029,93.03515625,99.616015625,1786275,18.0
870.636022091,93.35390625,99.419984375,1792395,18.0
870.79924202,92.66328125,99.274421875,1779135,17.0
870.856976032,92.6765625,99.044390625,1779390,17.0
870.96622014,93.40703125,98.71103125,1793415,17.0
871.020565987,93.6328125,98.546875,1797750,18.0
871.11855197,93.4734375,98.226265625,1794690,18.0
871.213135004,93.6328125,97.94921875,1797750,18.0
871.315470934,93.7921875,97.8041875,1800810,18.0
871.465068102,94.78828125,97.693421875,1819935,18.0
871.544584036,94.36328125,97.549453125,1811775,18.0
871.704592943,95.10703125,97.3324375,1826055,18.0
871.851868153,95.42578125,97.081421875,1832175,18.0
871.998597145,95.42578125,96.947015625,1832175,18.0
872.045614004,94.5890625,96.8628125,1816110,18.0
872.199126959,93.925,96.89734375,1803360,18.0
872.351419926,94.12421875,96.901328125,1807185,18.0
872.446345091,94.15078125,96.72628125,1807695,18.0
872.585633993,93.7390625,96.6354375,1799790,18.0
872.736323118,94.1109375,96.46225,1806930,18.0
872.882879972,93.53984375,96.454546875,1795965,18.0
873.032264948,94.084375,96.66146875,1806420,18.0
873.08656311,93.7390625,96.58603125,1799790,18.0
873.178794146,92.71640625,96.5164375,1780155,17.0
873.318671942,93.19453125,96.569296875,1789335,18.0
873.468698978,93.06171875,96.413109375,1786785,18.0
873.613008022,92.278125,96.21628125,1771740,17.0
873.75169611,92.8359375,96.120390625,1782450,17.0
873.845901012,92.11875,95.981734375,1768680,17.0
873.998944044,93.14140625,95.980671875,1788315,18.0
874.052026987,93.075,95.919578125,1787040,17.0
874.144705057,92.87578125,95.7450625,1783215,17.0
874.289469957,92.809375,95.528578125,1781940,17.0
874.381566048,92.84921875,95.348484375,1782705,17.0
874.518960953,92.55703125,95.29828125,1777095,17.0
874.614793062,93.128125,95.217,1788060,17.0
874.765161991,92.66328125,94.99121875,1779135,17.0
874.833436966,93.19453125,94.686546875,1789335,17.0
874.900943041,92.703125,94.603140625,1779900,17.0
875.040897131,92.384375,94.6613125,1773780,17.0
875.182538033,92.6234375,94.61828125,1778370,17.0
875.330832005,93.06171875,94.471125,1786785,17.0
875.382262945,91.215625,94.393296875,1751340,17.0
875.519254923,91.6671875,94.419859375,1760010,17.0
875.612825155,91.69375,94.206296875,1760520,17.0
875.750854015,91.83984375,93.951828125,1763325,17.0
875.900650024,92.596875,93.817953125,1777860,17.0
876.047832966,93.340625,93.633875,1792140,17.0
876.185835123,93.3671875,93.379140625,1792650,17.0
876.279441118,93.53984375,93.26625,1795965,17.0
876.418190002,92.8625,93.262796875,1782960,17.0
876.567573071,92.45078125,93.244734375,1775055,17.0
876.707730055,92.596875,93.24340625,1777860,17.0
876.847934008,93.30078125,93.255890625,1791375,17.0
876.946356058,93.99140625,93.267578125,1804635,17.0
877.088526011,93.19453125,93.2588125,1789335,17.0
877.183248043,92.84921875,93.246328125,1782705,17.0
877.332991123,92.6234375,93.226140625,1778370,17.0
877.386161089,93.99140625,93.230125,1804635,17.0
877.482555151,92.9421875,93.193203125,1784490,17.0
877.630870104,93.128125,93.1685,1788060,17.0
877.683815956,92.92890625,93.1249375,1784235,17.0
877.778738976,93.06171875,93.07765625,1786785,17.0
877.879094124,93.61953125,93.04153125,1797495,17.0
878.030930996,93.39375,93.017625,1793160,17.0
878.099899054,91.4015625,92.96715625,1754910,17.0
878.242622137,92.15859375,92.92784375,1769445,17.0
878.383573055,92.4109375,92.893046875,1774290,17.0
878.478748083,91.41484375,92.8465625,1755165,17.0
878.618685961,91.9328125,92.803,1765110,17.0
878.763817072,91.38828125,92.75996875,1754655,17.0
878.816035032,91.9859375,92.718,1766130,17.0
878.964132071,92.37109375,92.690640625,1773525,17.0
879.018027067,91.38828125,92.664078125,1754655,17.0
879.165004969,91.62734375,92.632734375,1759245,17.0
879.218413115,91.321875,92.5979375,1753380,17.0
879.363980055,91.48125,92.582,1756440,17.0
879.414860964,91.746875,92.56021875,1761540,17.0
879.564746141,92.10546875,92.559953125,1768425,17.0
879.613028049,91.99921875,92.537109375,1766385,17.0
879.750847101,92.05234375,92.51665625,1767405,17.0
879.844967127,92.1984375,92.503109375,1770210,17.0
879.983586073,92.915625,92.505234375,1783980,17.0
880.130948067,92.47734375,92.497796875,1775565,17.0
880.185219049,92.07890625,92.488234375,1767915,17.0
880.334226131,91.5875,92.457421875,1758480,17.0
880.476798058,91.26875,92.42953125,1752360,17.0
880.616538048,92.225,92.410140625,1770720,17.0
880.763581991,81.7328125,92.190734375,1569270,15.0
880.817492008,100.33984375,92.34984375,1926525,19.0
880.96392107,99.2375,92.482125,1905360,19.0
881.018808126,90.29921875,92.426875,1733745,16.0
881.116071939,86.89921875,92.340546875,1668465,17.0
881.265836,96.2890625,92.432984375,1848750,18.0
881.323548079,88.49296875,92.36896875,1699065,16.0
881.411587,90.63125,92.344796875,1740120,17.0
881.549718142,93.978125,92.372421875,1804380,18.0
881.700274944,92.31796875,92.35196875,1772505,17.0
881.752750158,85.78359375,92.200296875,1647045,16.0
881.845224142,91.8265625,92.16603125,1763070,17.0
881.984447002,91.89296875,92.146640625,1764345,17.0
882.07815814,91.83984375,92.134421875,1763325,17.0
882.215945959,93.59296875,92.15434375,1796985,18.0
882.363816023,85.6640625,92.001609375,1644750,17.0
882.412646055,87.23125,91.86640625,1674840,16.0
882.563195944,82.0515625,91.643546875,1575390,15.0
882.615239143,85.57109375,91.497984375,1642965,15.0
882.76641798,92.4640625,91.494796875,1775310,17.0
882.907763958,93.72578125,91.489484375,1799535,17.0
883.049464941,86.7796875,91.366234375,1666170,16.0
883.144689083,90.2328125,91.308328125,1732470,16.0
883.283823967,106.3828125,91.57740625,2042550,20.0
883.432291985,104.8421875,91.813015625,2012970,19.0
883.575116158,93.2609375,91.80584375,1790610,17.0
883.716513157,109.065625,92.11928125,2094060,21.0
883.863615036,107.91015625,92.449453125,2071875,20.0
883.931184053,100.8046875,92.622375,1935450,19.0
884.076436043,98.121875,92.73659375,1883940,18.0
884.217215061,93.3140625,92.774578125,1791630,17.0
884.366151094,99.2640625,92.921203125,1905870,19.0
884.507256985,101.98671875,93.133171875,1958145,19.0
884.64873004,83.8046875,92.969546875,1609050,15.0
884.796911001,89.60859375,92.914296875,1720485,16.0
884.84555912,92.8359375,92.94325,1782450,17.0
884.983358145,99.3171875,93.097046875,1906890,17.0
885.077213049,99.45,93.259609375,1909440,17.0
885.215914965,92.31796875,93.27634375,1772505,16.0
885.363379955,99.76875,93.43678125,1915560,17.0
885.417360067,100.2734375,93.600140625,1925250,18.0
885.512321949,93.021875,93.62059375,1786020,17.0
885.663429022,101.82734375,93.81609375,1955085,18.0
885.713825941,102.25234375,94.017171875,1963245,18.0
885.866280079,92.96875,94.018234375,1785000,17.0
886.01248908,98.546875,94.139625,1892100,17.0
886.150268078,95.87734375,94.21559375,1840845,18.0
886.243068933,93.11484375,94.246140625,1787805,17.0
886.344397068,97.6703125,94.374171875,1875270,17.0
886.499155998,98.175,94.493171875,1884960,17.0
886.63906312,99.396875,94.846453125,1908420,18.0
886.784866095,96.528125,94.77021875,1853340,16.0
886.877025127,92.47734375,94.635015625,1775565,17.0
887.016211033,102.65078125,94.882046875,1970895,19.0
887.165296078,90.11328125,94.946328125,1730175,17.0
887.30648303,90.790625,94.836359375,1743180,16.0
887.447750092,102.8765625,95.12403125,1975230,19.0
887.596449137,102.9828125,95.3710625,1977270,18.0
887.64963007,93.67265625,95.364953125,1798515,17.0
887.745914936,94.45625,95.40771875,1813560,17.0
887.898649931,102.584375,95.743734375,1969620,18.0
888.04460907,101.45546875,95.9363125,1947945,18.0
888.182096958,91.52109375,95.928875,1757205,16.0
888.329857111,99.9546875,96.091171875,1919130,18.0
888.383723974,98.82578125,96.195828125,1897455,17.0
888.476066113,102.51796875,96.53290625,1968345,18.0
888.629548073,95.58515625,96.699984375,1835235,17.0
888.684560061,103.63359375,97.131625,1989765,19.0
888.776708126,101.946875,97.459140625,1957380,18.0
888.916460991,97.94921875,97.56884375,1880625,17.0
889.010528088,94.45625,97.583453125,1813560,17.0
889.149156094,90.95,97.666859375,1746240,16.0
889.243315935,99.928125,97.860765625,1918620,17.0
889.395584106,97.12578125,97.675625,1864815,17.0
889.448079109,102.91640625,97.637109375,1975995,18.0
889.603310108,91.7734375,97.607359375,1762050,16.0
889.711625099,103.0359375,97.486765625,1978290,19.0
889.864392042,98.971875,97.308,1900260,17.0
890.013704062,102.2921875,97.33775,1964010,18.0
890.16236496,77.84140625,96.932140625,1494555,15.0
890.229232073,90.64453125,96.87875,1740375,17.0
890.370588064,94.2703125,96.778875,1809990,17.0
890.528203964,97.01953125,96.67953125,1862775,17.0
890.577808142,97.94921875,96.962421875,1880625,17.0
890.676880121,92.87578125,97.027765625,1783215,17.0
890.816832066,90.8703125,96.988453125,1744710,17.0
890.911303043,90.35234375,96.80915625,1734765,17.0
891.048815012,91.2421875,96.645,1751850,17.0
891.143567085,90.61796875,96.611,1739865,17.0
891.28263998,90.896875,96.4335625,1745220,17.0
891.377923012,90.9765625,96.247625,1746750,17.0
891.515460968,90.4984375,96.19715625,1737570,17.0
891.611470938,91.09609375,95.98253125,1749045,17.0
891.761955976,89.76796875,95.73284375,1723545,16.5
891.81239295,89.5953125,95.665375,1720230,16.0
891.964508057,89.5421875,95.48528125,1719210,16.0
892.106249094,88.4265625,95.336265625,1697790,16.0
892.264272928,88.70546875,95.248078125,1703145,16.0
892.322263956,89.303125,95.080734375,1714620,16.0
892.409726143,89.90078125,94.91525,1726095,17.0
892.548340082,88.75859375,94.702484375,1704165,16.0
892.642393112,88.4796875,94.541515625,1698810,16.0
892.795105934,88.9578125,94.471125,1707990,16.0
892.937391996,88.665625,94.191421875,1702380,16.0
893.07804513,88.06796875,94.150515625,1690905,16.0
893.228547096,88.49296875,94.1045625,1699065,16.0
893.371355057,89.50234375,93.837078125,1718445,16.0
893.52820611,89.10390625,93.5595,1710795,16.0
893.582296133,88.4,93.454046875,1697280,16.0
893.699001074,88.28046875,93.33053125,1694985,16.0
893.843338966,87.6828125,93.0325,1683510,16.0
893.982648134,86.6734375,92.736859375,1664130,16.0
894.097794056,86.753125,92.6415,1665660,16.0
894.247699022,86.34140625,92.369234375,1657755,16.0
894.346436977,87.51015625,92.142921875,1680195,16.0
894.445258141,87.58984375,91.844359375,1681725,16.0
894.546165943,87.40390625,91.680734375,1678155,16.0
894.69840312,88.38671875,91.375796875,1697025,16.0
894.83930707,87.071875,91.078296875,1671780,16.0
894.979539156,86.5140625,90.84959375,1661070,16.0
895.074517012,86.04921875,90.681453125,1652145,16.0
895.214262962,85.6109375,90.574671875,1643730,16.0
895.367104053,86.10234375,90.29815625,1653165,16.0
895.510164022,86.97890625,90.09521875,1669995,16.0
895.648427963,86.39453125,89.76478125,1658775,16.0
895.742330074,86.60703125,89.661453125,1662855,16.0
895.881755114,86.87265625,89.3381875,1667955,16.0
895.975836992,85.46484375,89.068046875,1640925,15.0
896.113925934,85.9296875,88.740796875,1649850,16.0
896.260671139,85.14609375,88.886890625,1634805,15.0
896.332553148,86.07578125,88.795515625,1652655,15.0
896.477148056,86.5140625,88.640390625,1661070,16.0
896.574726105,87.2046875,88.44409375,1674330,16.0
896.677433014,87.56328125,88.236375,1681215,16.0
896.828081131,86.59375,88.110734375,1662600,16.0
896.87825799,86.221875,88.017765625,1655460,16.0
897.027745962,86.4875,87.94046875,1660560,16.0
897.082528114,86.38125,87.84325,1658520,16.0
897.179741144,86.80625,87.767015625,1666680,16.0
897.275381088,87.19140625,87.69290625,1674075,16.0
897.41375494,87.125,87.615875,1672800,16.0
897.560575008,87.64296875,87.558765625,1682745,16.0
897.615931034,88.54609375,87.507765625,1700085,16.0
897.71249795,88.20078125,87.476421875,1693455,16.0
897.809337139,87.284375,87.430203125,1675860,16.0
897.960606098,86.6203125,87.371765625,1663110,16.0
898.0154531,86.84609375,87.34015625,1667445,16.0
898.112494946,86.76640625,87.301375,1665915,16.0
898.250468016,86.3546875,87.24240625,1658010,16.0
898.341539145,87.0453125,87.185296875,1671270,16.0
898.442306042,87.178125,87.1536875,1673820,16.0
898.595119953,87.00546875,87.124203125,1670505,16.0
898.736495972,86.31484375,87.07134375,1657245,16.0
898.841969013,86.646875,87.03096875,1663620,16.0
898.994600058,86.15546875,86.99271875,1654185,16.0
899.04588604,85.9828125,86.942515625,1650870,15.0
899.142066956,86.15546875,86.875578125,1654185,16.0
899.281861067,85.91640625,86.811828125,1649595,16.0
899.374943972,86.8328125,86.780484375,1667190,16.0
899.517375946,86.328125,86.7414375,1657500,16.0
899.60999012,86.16875,86.71115625,1654440,16.0
899.747816086,86.63359375,86.710359375,1663365,16.0
899.840312004,86.8328125,86.711953125,1667190,16.0
899.981698036,86.859375,86.7223125,1667700,16.0
900.074667931,86.58046875,86.70371875,1662345,16.0
900.216479063,86.1953125,86.675828125,1654950,16.0
900.311880112,87.51015625,86.677953125,1680195,16.0
900.459939957,87.03203125,86.650859375,1671015,16.0
900.513684034,87.0453125,86.650328125,1671270,16.0
900.607650042,85.67734375,86.63359375,1645005,15.0
900.760183096,85.78359375,86.62828125,1647045,16.0
900.811640978,85.6109375,86.62828125,1643730,15.0
900.959670067,85.22578125,86.61075,1636335,15.0
901.010751009,84.88046875,86.56878125,1629705,15.0
901.160357952,85.09296875,86.54275,1633785,15.0
901.211611986,85.31875,86.516984375,1638120,15.0
901.350008011,85.81015625,86.495734375,1647555,15.0
901.440287113,85.88984375,86.504234375,1649085,16.0
901.581372023,85.11953125,86.48803125,1634295,15.0
901.72964716,84.309375,86.471296875,1618740,15.0
901.878040075,83.79140625,86.425609375,1608795,15.0
902.028017998,84.8671875,86.392671875,1629450,15.0
902.078398943,84.48203125,86.33821875,1622055,15.0
902.175111055,84.6546875,86.280046875,1625370,15.0
902.314535141,84.88046875,86.24578125,1629705,15.0
902.409121037,86.0890625,86.243125,1652910,15.0
902.55987215,85.54453125,86.224265625,1642455,15.0
902.614172935,84.45546875,86.18575,1621545,15.0
902.76267004,84.8671875,86.14696875,1629450,15.0
902.90695715,85.11953125,86.10553125,1634295,15.0
903.045407057,85.85,86.08003125,1648320,15.0
903.193120003,86.15546875,86.05028125,1654185,15.0
903.247234106,86.5140625,86.009640625,1661070,15.0
903.394039154,86.23515625,85.970328125,1655715,15.0
903.447688103,85.99609375,85.9445625,1651125,15.0
903.545161963,85.2125,85.91640625,1636080,15.0
903.696409941,84.89375,85.877359375,1629960,15.0
903.836452961,83.76484375,85.817328125,1608285,15.0
903.977270126,84.56171875,85.78146875,1623585,15.0
904.073528051,85.3453125,85.74746875,1638630,15.0
904.214700937,85.3984375,85.711875,1639650,15.0
904.308254957,85.35859375,85.6789375,1638885,15.0
904.452935934,85.51796875,85.663,1641945,15.0
904.540714025,85.0796875,85.63165625,1633530,15.0
904.696783066,84.69453125,85.6024375,1626135,15.0
904.837528944,84.096875,85.56471875,1614660,15.0
904.981460094,84.48203125,85.53125,1622055,15.0
905.073869944,84.6546875,85.506015625,1625370,15.0
905.213784933,84.21640625,85.4536875,1616955,15.0
905.359210968,83.5921875,85.39896875,1604970,15.0
905.414214134,84.734375,85.37028125,1626900,15.0
905.562508106,84.946875,85.336546875,1630980,15.0
905.713475943,85.1328125,85.302546875,1634550,15.0
905.806970119,86.009375,85.285546875,1651380,16.0
905.944895029,85.1328125,85.25659375,1634550,15.0
906.095555067,85.09296875,85.234546875,1633785,15.0
906.235551119,85.690625,85.19815625,1645260,15.0
906.375294924,86.79296875,85.193375,1666425,15.0
906.516417027,85.5046875,85.1625625,1641690,16.0
906.608745098,86.434375,85.177703125,1659540,16.0
906.75881815,84.93359375,85.160703125,1630725,15.0
906.806016922,84.13671875,85.13121875,1615425,15.0
906.959067106,84.24296875,85.1115625,1617465,15.0
907.007893085,84.21640625,85.09828125,1616955,15.0
907.149399996,84.50859375,85.08659375,1622565,15.0
907.243139982,84.4953125,85.070125,1622310,15.0
907.392136097,85.6640625,85.067203125,1644750,15.0
907.443583012,85.6109375,85.061625,1643730,15.0
907.539026976,85.19921875,85.06321875,1635825,15.0
907.683385134,86.28828125,85.102796875,1656735,16.0
907.77582407,85.96953125,85.146359375,1650615,16.0
907.928337097,84.77421875,85.1445,1627665,15.0
908.070559978,85.01328125,85.155125,1632255,15.0
908.214023113,84.96015625,85.161234375,1631235,15.0
908.308120966,85.38515625,85.171328125,1639395,15.0
908.458194971,86.02265625,85.17,1651635,16.0
908.607753038,85.903125,85.177171875,1649340,16.0
908.74633503,86.89921875,85.226046875,1668465,16.0
908.838649035,86.39453125,85.25659375,1658775,16.0
908.977587938,85.478125,85.263765625,1641180,15.0
909.073333025,85.0796875,85.248359375,1633530,15.0
909.212357998,84.88046875,85.222859375,1629705,15.0
909.358323097,85.57109375,85.204,1642965,15.0
909.413841963,85.62421875,85.19178125,1643985,16.0
909.50804615,85.796875,85.187796875,1647300,16.0
909.659121037,85.425,85.192046875,1640160,15.0
909.714875937,85.73046875,85.20878125,1646025,16.0
909.864072084,85.83671875,85.25021875,1648065,15.0
910.013067961,84.77421875,85.25446875,1627665,15.0
910.107285976,84.34921875,85.234546875,1619505,15.0
910.24851799,85.19921875,85.2305625,1635825,15.0
910.338176966,85.85,85.240390625,1648320,15.0
910.479274035,85.478125,85.23959375,1641180,15.0
910.575242043,85.10625,85.240125,1634040,15.0
910.726443052,94.28359375,85.43190625,1810245,17.0
910.791388035,92.065625,85.59128125,1767660,17.0
910.935847998,92.39765625,85.74959375,1774035,17.0
911.079632998,89.21015625,85.840703125,1712835,16.0
911.226022959,85.70390625,85.870453125,1645515,11.0
911.281177044,85.0796875,85.900203125,1633530,11.0
911.431657076,85.35859375,85.9126875,1638885,11.0
911.574191093,85.6640625,85.92703125,1644750,11.0
911.724487066,86.646875,85.9573125,1663620,11.0
911.77532196,87.178125,85.9806875,1673820,11.0
911.924972057,87.72265625,86.032484375,1684275,11.0
911.978667974,87.55,86.081625,1680960,11.0
912.074651003,86.97890625,86.107390625,1669995,11.0
912.171836138,87.19140625,86.115359375,1674075,10.0
912.312389135,88.134375,86.167953125,1692180,11.0
912.405102015,88.30703125,86.20540625,1695495,11.0
912.545506954,88.6921875,86.280578125,1702890,11.0
912.694095135,88.97109375,86.377265625,1708245,11.0
912.840297937,90.64453125,86.505296875,1740375,12.0
912.978598118,102.30546875,86.867078125,1964265,17.0
913.072056055,141.3390625,88.0036875,2713710,30.0
913.22428298,172.51015625,89.763984375,3312195,42.0
913.278186083,223.21796875,92.5150625,4285785,61.0
913.373808146,247.54921875,95.753828125,4752945,78.0
913.523988008,252.715625,99.10415625,4852140,93.0
913.578837156,254.26953125,102.46378125,4881975,102.0
913.723669052,253.4328125,105.813046875,4865910,104.0
913.779047012,253.7515625,109.19259375,4872030,103.0
913.933216095,255.0,112.592328125,4896000,111.0
914.093388081,255.0,115.993125,4896000,93.0
914.145384073,255.0,119.385421875,4896000,90.0
914.237982035,255.0,122.76496875,4896000,85.0
914.376608133,255.0,126.14690625,4896000,81.0
914.523324966,254.096875,129.490859375,4878660,82.0
914.585400105,253.15390625,132.826046875,4860555,76.0
914.673578978,252.6890625,136.170265625,4851630,73.0
914.822581053,252.7953125,139.524578125,4853670,73.0
914.873618126,252.2109375,142.8711875,4842450,70.0
914.972598076,251.79921875,146.19575,4834545,70.0
915.074792147,250.7234375,149.497734375,4813890,69.0
915.222439051,250.9625,152.801046875,4818480,69.0
